Switch,Win,n,perc
No,Lose,29,0.6744186046511628
No,Win,14,0.32558139534883723
Yes,Lose,17,0.2982456140350877
Yes,Win,40,0.7017543859649122
